<?xml version="1.0" encoding="UTF-8" ?>
<XMLDB PATH="admin/tool/usertours/db" VERSION="20160830" COMMENT="XMLDB file for Moodle tool/usertours"
    xmlns:xsi="http://www.w3.org/2001/XMLSchema-instance"
    xsi:noNamespaceSchemaLocation="../../../../lib/xmldb/xmldb.xsd"
>
  <TABLES>
    <TABLE NAME="tool_usertours_tours" COMMENT="List of tours">
      <FIELDS>
        <FIELD NAME="id" TYPE="int" LENGTH="10" NOTNULL="true" SEQUENCE="true"/>
        <FIELD NAME="name" TYPE="char" LENGTH="255" NOTNULL="true" SEQUENCE="false" COMMENT="Name of the user tour"/>
        <FIELD NAME="description" TYPE="text" NOTNULL="false" SEQUENCE="false"/>
        <FIELD NAME="pathmatch" TYPE="char" LENGTH="255" NOTNULL="false" SEQUENCE="false"/>
        <FIELD NAME="enabled" TYPE="int" LENGTH="1" NOTNULL="true" DEFAULT="0" SEQUENCE="false"/>
        <FIELD NAME="sortorder" TYPE="int" LENGTH="10" NOTNULL="true" DEFAULT="0" SEQUENCE="false"/>
        <FIELD NAME="configdata" TYPE="text" NOTNULL="true" SEQUENCE="false"/>
      </FIELDS>
      <KEYS>
        <KEY NAME="primary" TYPE="primary" FIELDS="id"/>
      </KEYS>
    </TABLE>
    <TABLE NAME="tool_usertours_steps" COMMENT="Steps in an tour">
      <FIELDS>
        <FIELD NAME="id" TYPE="int" LENGTH="10" NOTNULL="true" SEQUENCE="true"/>
        <FIELD NAME="tourid" TYPE="int" LENGTH="10" NOTNULL="true" SEQUENCE="false"/>
        <FIELD NAME="title" TYPE="text" NOTNULL="false" SEQUENCE="false" COMMENT="Title of the step"/>
        <FIELD NAME="content" TYPE="text" NOTNULL="false" SEQUENCE="false" COMMENT="Content of the user tour - allow for multilang tags"/>
        <FIELD NAME="targettype" TYPE="int" LENGTH="2" NOTNULL="true" SEQUENCE="false" COMMENT="Type of the target (e.g. block, CSS selector, etc.)"/>
        <FIELD NAME="targetvalue" TYPE="text" NOTNULL="true" SEQUENCE="false" COMMENT="The value for the specified target type."/>
        <FIELD NAME="sortorder" TYPE="int" LENGTH="10" NOTNULL="true" DEFAULT="0" SEQUENCE="false"/>
        <FIELD NAME="configdata" TYPE="text" NOTNULL="true" SEQUENCE="false"/>
      </FIELDS>
      <KEYS>
        <KEY NAME="primary" TYPE="primary" FIELDS="id"/>
        <KEY NAME="tourid-tour" TYPE="foreign" FIELDS="tourid" REFTABLE="tool_usertours_tours" REFFIELDS="id"/>
      </KEYS>
      <INDEXES>
        <INDEX NAME="orderedsteps" UNIQUE="false" FIELDS="tourid, sortorder"/>
      </INDEXES>
    </TABLE>
  </TABLES>
</XMLDB>
