<?xml version="1.0"?>
<libraries>
  <library>
    <location>scss/bootstrap</location>
    <name>Twitter Bootstrap</name>
    <license>MIT</license>
    <version>4.3.1</version>
    <licenseversion></licenseversion>
  </library>
  <library>
    <location>amd/src/alert.js</location>
    <name>bootstrap-alert</name>
    <license>(MIT)</license>
    <version>v4.3.1</version>
    <licenseversion></licenseversion>
  </library>
  <library>
    <location>amd/src/button.js</location>
    <name>bootstrap-button</name>
    <license>(MIT)</license>
    <version>v4.3.1</version>
    <licenseversion></licenseversion>
  </library>
  <library>
    <location>amd/src/carousel.js</location>
    <name>bootstrap-carousel</name>
    <license>(MIT)</license>
    <version>v4.3.1</version>
    <licenseversion></licenseversion>
  </library>
  <library>
    <location>amd/src/collapse.js</location>
    <name>bootstrap-collapse</name>
    <license>(MIT)</license>
    <version>v4.3.1</version>
    <licenseversion></licenseversion>
  </library>
  <library>
    <location>amd/src/dropdown.js</location>
    <name>bootstrap-dropdown</name>
    <license>(MIT)</license>
    <version>v4.3.1</version>
    <licenseversion></licenseversion>
  </library>
    <library>
    <location>amd/src/index.js</location>
    <name>bootstrap-util</name>
    <license>(MIT)</license>
    <version>v4.3.1</version>
    <licenseversion></licenseversion>
  </library>
  <library>
    <location>amd/src/modal.js</location>
    <name>bootstrap-modal</name>
    <license>(MIT)</license>
    <version>v4.3.1</version>
    <licenseversion></licenseversion>
  </library>
  <library>
    <location>amd/src/popover.js</location>
    <name>bootstrap-popover</name>
    <license>(MIT)</license>
    <version>v4.3.1</version>
    <licenseversion></licenseversion>
  </library>
  <library>
    <location>amd/src/sanitizer.js</location>
    <name>bootstrap-sanitizer</name>
    <license>(MIT)</license>
    <version>v4.3.1</version>
    <licenseversion></licenseversion>
  </library>
  <library>
    <location>amd/src/scrollspy.js</location>
    <name>bootstrap-scrollspy</name>
    <license>(MIT)</license>
    <version>v4.3.1</version>
    <licenseversion></licenseversion>
  </library>
  <library>
    <location>amd/src/tab.js</location>
    <name>bootstrap-alert</name>
    <license>(MIT)</license>
    <version>v4.3.1</version>
    <licenseversion></licenseversion>
  </library>
  <library>
    <location>amd/src/tab.js</location>
    <name>bootstrap-alert</name>
    <license>(MIT)</license>
    <version>v4.3.1</version>
    <licenseversion></licenseversion>
  </library>
  <library>
    <location>amd/src/toast.js</location>
    <name>bootstrap-toast</name>
    <license>(MIT)</license>
    <version>v4.3.1</version>
    <licenseversion></licenseversion>
  </library>
  <library>
    <location>amd/src/tooltip.js</location>
    <name>bootstrap-tooltip</name>
    <license>(MIT)</license>
    <version>v4.3.1</version>
    <licenseversion></licenseversion>
  </library>
  <library>
    <location>amd/src/util.js</location>
    <name>bootstrap-util</name>
    <license>(MIT)</license>
    <version>v4.3.1</version>
    <licenseversion></licenseversion>
  </library>
  <library>
    <location>amd/src/tether.js</location>
    <name>tether</name>
    <license>(MIT)</license>
    <version>1.3.3</version>
    <licenseversion></licenseversion>
  </library>
  <library>
    <location>scss/fontawesome</location>
    <name>Font Awesome by Dave Gandy - http://fontawesome.io</name>
    <license>(MIT)</license>
    <version>4.7.0</version>
    <licenseversion></licenseversion>
  </library>
</libraries>
