{"name":"Dashboard","description":"New dashboard features","pathmatch":"\/my\/%","enabled":"1","sortorder":"3","configdata":"{\"placement\":\"top\",\"orphan\":\"0\",\"backdrop\":\"0\",\"reflex\":\"0\",\"filtervalues\":{\"category\":[],\"course\":[\"0\"],\"courseformat\":[],\"role\":[],\"theme\":[]},\"majorupdatetime\":1543396938}","version":"2018051400","steps":[{"title":"tour3_title_dashboard,tool_usertours","content":"tour3_content_dashboard,tool_usertours","targettype":"2","targetvalue":"","sortorder":"0","configdata":"{\"backdrop\":\"1\"}"},{"title":"tour3_title_dashboard,tool_usertours","content":"tour3_content_timeline,tool_usertours","targettype":"1","targetvalue":"timeline","sortorder":"1","configdata":"{\"reflex\":\"0\"}"},{"title":"tour3_title_recentcourses,tool_usertours","content":"tour3_content_recentcourses,tool_usertours","targettype":"1","targetvalue":"recentlyaccessedcourses","sortorder":"2","configdata":"{\"placement\":\"top\",\"backdrop\":\"1\"}"},{"title":"tour3_title_overview,tool_usertours","content":"tour3_content_overview,tool_usertours","targettype":"1","targetvalue":"myoverview","sortorder":"3","configdata":"{}"},{"title":"tour3_title_starring,tool_usertours","content":"tour3_content_starring,tool_usertours","targettype":"0","targetvalue":".block-myoverview [data-display=\"cards\"] [data-region=\"course-content\"] .coursemenubtn","sortorder":"4","configdata":"{\"placement\":\"right\"}"},{"title":"tour3_title_starring,tool_usertours","content":"tour3_content_starring,tool_usertours","targettype":"0","targetvalue":".block-myoverview [data-display]:not([data-display=\"cards\"]) [data-region=\"course-content\"] .coursemenubtn","sortorder":"5","configdata":"{}"},{"title":"tour3_title_displayoptions,tool_usertours","content":"tour3_content_displayoptions,tool_usertours","targettype":"0","targetvalue":"#sortingdropdown","sortorder":"6","configdata":"{\"placement\":\"top\"}"},{"title":"tour_final_step_title,tool_usertours","content":"tour_final_step_content,tool_usertours","targettype":"2","targetvalue":"","sortorder":"7","configdata":"{}"}]}
