{"name":"Boost - administrator","description":"A tour of some new features in the Boost theme, for administrators","pathmatch":"FRONTPAGE","enabled":"1","sortorder":"0","configdata":"{\"placement\":\"bottom\",\"orphan\":\"0\",\"backdrop\":\"1\",\"reflex\":\"0\",\"filtervalues\":{\"role\":[\"-1\"],\"theme\":[\"boost\"]},\"majorupdatetime\":1479366244,\"default_tour\":true,\"filename\":\"boost_administrator.json\",\"version\":1}","version":"2016102001","steps":[{"title":"tour1_title_welcome,tool_usertours","content":"tour1_content_welcome,tool_usertours","targettype":"2","targetvalue":"","sortorder":"0","configdata":"{}"},{"title":"tour1_title_navigation,tool_usertours","content":"tour1_content_navigation,tool_usertours","targettype":"0","targetvalue":"[data-region=\"drawer-toggle\"] button[data-action=\"toggle-drawer\"]","sortorder":"1","configdata":"{}"},{"title":"tour1_title_customisation,tool_usertours","content":"tour1_content_customisation,tool_usertours","targettype":"0","targetvalue":"body:not(.editing) #page-header .card-block","sortorder":"2","configdata":"{\"placement\":\"bottom\"}"},{"title":"tour1_title_blockregion,tool_usertours","content":"tour1_content_blockregion,tool_usertours","targettype":"0","targetvalue":"body.editing [data-region=\"blocks-column\"]","sortorder":"3","configdata":"{}"},{"title":"tour1_title_addingblocks,tool_usertours","content":"tour1_content_addingblocks,tool_usertours","targettype":"0","targetvalue":"body.editing [data-region=\"blocks-column\"]","sortorder":"4","configdata":"{\"placement\":\"bottom\"}"},{"title":"tour1_title_end,tool_usertours","content":"tour1_content_end,tool_usertours","targettype":"2","targetvalue":"","sortorder":"5","configdata":"{}"}]}

