{"name":"Boost - course view","description":"A tour for introducing administrators and teachers to courses in the Boost theme","pathmatch":"\/course\/view.php%","enabled":"1","sortorder":"1","configdata":"{\"placement\":\"bottom\",\"orphan\":\"0\",\"backdrop\":\"1\",\"reflex\":\"0\",\"filtervalues\":{\"role\":[\"-1\",\"editingteacher\"],\"theme\":[\"boost\"]},\"majorupdatetime\":1480050104,\"shipped_tour\":true,\"shipped_filename\":\"boost_course_view.json\",\"shipped_version\":1}","version":"2016120501","steps":[{"title":"tour2_title_welcome,tool_usertours","content":"tour2_content_welcome,tool_usertours","targettype":"2","targetvalue":"","sortorder":"0","configdata":"{}"},{"title":"tour2_title_customisation,tool_usertours","content":"tour2_content_customisation,tool_usertours","targettype":"0","targetvalue":"body:not(.editing) #page-header .card-block","sortorder":"1","configdata":"{}"},{"title":"tour2_title_navigation,tool_usertours","content":"tour2_content_navigation,tool_usertours","targettype":"0","targetvalue":"[data-region=\"drawer-toggle\"] button[data-action=\"toggle-drawer\"]","sortorder":"2","configdata":"{}"},{"title":"tour2_title_opendrawer,tool_usertours","content":"tour2_content_opendrawer,tool_usertours","targettype":"0","targetvalue":"body:not(.drawer-open-left) [data-region=\"drawer-toggle\"] button[data-action=\"toggle-drawer\"]","sortorder":"3","configdata":"{}"},{"title":"tour2_title_participants,tool_usertours","content":"tour2_content_participants,tool_usertours","targettype":"0","targetvalue":"body.drawer-open-left [data-region=\"drawer\"] [data-key=\"participants\"]","sortorder":"4","configdata":"{\"placement\":\"bottom\",\"backdrop\":\"0\"}"},{"title":"tour2_title_addblock,tool_usertours","content":"tour2_content_addblock,tool_usertours","targettype":"0","targetvalue":"body.drawer-open-left:not(.editing) [data-region=\"drawer\"]","sortorder":"5","configdata":"{\"placement\":\"right\",\"orphan\":\"0\",\"backdrop\":\"0\",\"reflex\":\"0\"}"},{"title":"tour2_title_addingblocks,tool_usertours","content":"tour2_content_addingblocks,tool_usertours","targettype":"0","targetvalue":"body.drawer-open-left.editing [data-region=\"drawer\"] [data-key=\"addblock\"]","sortorder":"6","configdata":"{\"backdrop\":\"0\",\"placement\":\"top\"}"},{"title":"tour2_title_end,tool_usertours","content":"tour2_content_end,tool_usertours","targettype":"2","targetvalue":"","sortorder":"7","configdata":"{}"}]}
